title	count	form	edition	publisher	series	era	location	size	time	unit	hex	bggid	bggurl	notes
13: The Colonies in Revolt	1	M	S&T 104	TSR		Gunpowder	FIW / AWI Binder	M	2 months	Regiment	26 miles	6022	13-colonies-revolt	
1754: Conquest - The French and Indian War	1	B	2017	Academy Games	Birth of America	Gunpowder	Shelves	M	1 year		Area	206150	1754-conquest-french-and-indian-war	
1776	1	B	1st ed.	Avalon Hill		Gunpowder	Shelves	M	1 month	500/strength point		3312	1776-game-american-revolutionary-war	
1777 The Year of the Hangman	1	B	2002	Clash of Arms		Gunpowder	Shelves	M	1 day	Division, brigade	2 miles	9093	1777-year-hangman	
1862	1	B	1990	SDI	B&L	ACW	Shelves	M	45 minutes	Brigade, Regiment	250-275 yards	4456	1862	
1914: Fureur à l'Est	1	M	VV 155	Vae Victis		WW1	WW1 Binder	S	2 weeks	Corps	50 km	333256	1914-fureur-lest	
1914: Offensive à outrance	1	B		GMT	1914	Early 20th Century	Shelves	XL	2-4 days	Division	8 km	46669	1914-offensive-outrance	
1914: Serbien muß sterbien	1	B		GMT	1914	Early 20th Century	Shelves	M	2-4 days	Division, Brigade	8.8 km	134283	1914-serbien-muss-sterbien	
1914: Twilight in the East	1	B		GMT	1914	Early 20th Century	Shelves	XL	2-3 days	Division	5 miles	21779	1914-twilight-east	
1916 Brusilove Offensive / Corlice-Tarnow Breakthrough	1	E		SPW	Der Weltkrieg	Early 20th Century	with Der Weltrkrieg	L	5 days	Division	21 km	7751	1916-brusilov-offensive-gorlice-tarnow-breakthroug	
1918: Imperial Germany's Last Chance	1	M	S&T 223	Decision Games	RtR!	Early 20th Century	RtR! Box	M	1 week	Corps	15 km	13299	1918-imperial-germanys-last-chance	
1944: Race to the Rhine	1	B	2014	Phalanx		WW2	Shelves	M			Point to point	148601	1944-race-rhine	
48th Panzer Korps	1	Z	CounterAttack 3	PacRim	Korps	WW2	WW2 - East Front	M	12 hours	Battalion	1 miles	11465	48th-panzerkorps	
Across the Narva	1	Z	2018	Revolution Games		WW2	WW2 - East Front	M	1 week	Battalion	1.3 km	260465	across-narva-soviet-assault-estonia-february-1944	
Across the Potomac	1	M	Command 30	XTR		ACW	ACW Binder	M	1 day	Division	10 miles	4276	across-potomac	
Against the Reich	1	B	1986	West End Games		WW2	Shelves	L	2 weeks	Division	10 miles	3237	against-reich	
Age of Exploration	1	B	1994	TimJim Games		Gunpowder	Shelves	M			P2P Americas	241	age-exploration	
Air Bridge to Victory	1	B	1990	GMT		WW2	Shelves	M	12 hours	Battalion	1 mile	5700	air-bridge-victory-operation-market-garden-1944	
Alexander the Great	1	B		Avalon Hill		Ancient to Medival	Shelves	M	30 minutes			1726	alexander-great	
All is lost save Honour	1	Z	Ziploc	Europa Simulazioni		Ancient to Medival	Shelves	M	5 days	Strength point:  500 infantry 70-90 lances 10 guns	2 miles	22940	all-lost-save-honour	
American Civil War	1	M	S&T 93	TSR		ACW	ACW Binder	M	3 months	Army	35 miles	5964	american-civil-war-1861-1865	
American Revolution 1775-1783	1	Z	1972	SPI		Gunpowder	FIW / AWI Binder	M				8803	american-revolution-1775-1783	Just rules, map, and counters
American Revolution: Decision in North America	1	M	S&T 270	Decision Games		Gunpowder	FIW / AWI Binder	M	1 year	Brigade	Area	99042	american-revolution-decision-north-america	
Antietam Campaign	1	B	1995	Decision Games	B&G	ACW	Shelves	M	1 hour	Brigade	300 yards	11402	antietam-campaign	
Antietam: Burnished Rows of Steel	1	M	Command 22	XTR		ACW	ACW Binder	M	1 hour	Brigade	250 yards	6039	antietam-burnished-rows-steel	
April's Harvest	1	B	1995	The Gamers	CWBS	ACW	Shelves	M	30 minutes	Brigade	200 yards	10964	aprils-harvest-battle-shiloh-april-6-7-1862	
Ardennes '44	1	B	2nd Ed.	GMT	xYY	WW2	Shelves	L	12 hours	Regiment	1.6 miles	7858	ardennes-44-battle-bulge	
Ariete	1	B	2020	MMP	TCS	WW2	TCS Binder	M	30 minutes	Platoon	150 meters	240921	ariete-battle-bir-el-gubi-libya-november-1941	
Arriba España!	1	B	Tin edition	Fiery Dragon		WW2	Shelves	S	2-3 months	Division, Brigade	Area of Spain	10234	arriba-espana	
ASL Starter Kit #1: Infantry	1	B	2004	MMP	ASLSK	WW2	Top Shelf	S	2 minutes	Squad	40 meters	9823	advanced-squad-leader-starter-kit-1	
ASL Starter Kit #2: Guns	1	B	2005	MMP	ASLSK	WW2	Top Shelf	S	2 minutes	Squad	40 meters	15126	advanced-squad-leader-starter-kit-2	
ASL Starter Kit #3: Armor	1	B	2007	MMP	ASLSK	WW2	Top Shelf	S	2 minutes	Squad	40 meters	20542	advanced-squad-leader-starter-kit-3	
ASL Starter Kit #4: PTO	1	B	2019	MMP	ASLSK	WW2	Top Shelf	S	2 minutes	Squad	40 meters	271262	advanced-squad-leader-starter-kit-4-pacific-theate	
ASL Starter Kit Expansion Pack #1	1	B	2011	MMP	ASLSK	WW2	Top Shelf	S	2 minutes	Squad	40 meters	58601	advanced-squad-leader-starter-kit-expansion-pack-1	
ASL Starter Kit Expansion Pack #2	1	E	2020	MMP	ASLSK	WW2	Top Shelf	S	2 minutes	Squad	40 meters	305025	advanced-squad-leader-starter-kit-expansion-pack-2	
Assault on Rotterdam	1	M	Operations Special #1	MMP	SCS	WW2	Fallschirmjaeger box					94033	assault-rotterdam	
At All Hazards	1	Z	1999	Ivy Street Games		ACW	Ivy Street Box	S	3.5 hours	Division	0.5 mile	33149	all-hazards-cold-harbor-campaign	
Atlanta Campaign: Bald Hill and Ezra Church	1	M	S&T 170	Decision Games	B&G	ACW	Seven Days Battles box	M	1 hour	Brigade	300 yards	11476	atlanta-campaign-bald-hill-and-ezra-church	
Atlanta Campaign: Peachtree Creek & Jonesboro	1	M	S&T 169	Decision Games	B&G	ACW	Seven Days Battles box	M	1 hour	Brigade	300 yards	11476	atlanta-campaign	
Atlantic Wall	1	B	2014	Decision Games	GOSS	WW2	Shelves	XL	8 hours	Battalion		158793	atlantic-wall-d-day-falaise	
Austro-Prussian War	1	M	S&T 167	Decision Games	Wars of the Imperial Age	Gunpowder	Wars of the Imperial Age Box	M	3 days			4124	austro-prussian-war	
Avalanche: The Salerno Landings	1	Z	1976	GDW		WW2	Shelves	L	8 hours	Company	1.19 km	10394	avalanche-salerno-landings	
Avec Honneur et Panache: Volume 1 - Turenne	1	Z		Vae Victis	AIR	Ancient to Medival	Binder The French	M	20-30 minutes	200-2,000	150 meters	254263	avec-honneur-et-panache-volume-1-turenne	
Avec Infini Regret	1	Z		Vae Victis	AIR	Ancient to Medival	Binder The French	M	20-30 minutes	200-1,000 2-4 guns	150 meters	161820	avec-infini-regret	
Balkan Wars: Prelude to Disaster, 1912-1913 	1	M	S&T 164	Decision Games		Early 20th Century	WW1 Binder	M	1 week	Division, regiment	15 km	10269	balkan-wars-prelude-disaster-1912-1913	
Balkans 1941	1	M	S&T 182	Decision Games		WW2	WW2 - Early War	M	1 week	Division		11135	balkans-1941	
Baltic Gap	1	B	2009	MMP	OCS	WW2	Shelves	L	3.5 days	Division, Regiment	5 miles	39328	baltic-gap-summer-1944	
BAOR	1	M	S&T 88	SPI	Central Front	Cold War	Central Front Box	M		Battalion	4 km	8722	baor	
Baptism  by Fire	1	B	2017	MMP	BCS	WW2	Shelves	L	1 day	Battalion	1 mile	207568	baptism-fire-battle-kasserine	
Barbarossa Campaign	1	M	Panzerschrek 3	Minden Games		WW2	WW2 - East Front	S	3 months	Army		23343	barbarossa-campaign	
Barren Victory	1	B	1991	The Gamers	CWBS	ACW	Shelves	M	30 minutes	Brigade	200 yards	12266	barren-victory	
Battle Cry	1	B	1999	Avalon Hill		ACW	Shelves	M				551	battle-cry	
Battle Cry of Freedom	1	B	2003	Decision Games		ACW	Shelves	M				7992	battle-cry-freedom	
Battle for Cassino	1	B	Boxed	SPI		WW2	Shelves	M	6 hours	Company	50 meters	5996	battle-cassino-assaulting-gustav-line-1944	
Battle for China	1	B	Tin edition	Fiery Dragon		WW2	Shelves	M		Corps, Division	Area of China	8544	battle-china	
Battle for Germany	1	M	S&T 50	SPI		WW2	WW2 - West Front	M	2 weeks	Corps	67.2 km	3986	battle-germany	No mag
Battle for Liege	1	M	C3i 28	GMT	1914	Early 20th Century	Offensive a Outrance box					198743	battle-liege	
Battle for Moscow	1	M	C3i 25	GMT		WW2	WW2 - East Front	S	1-2 weeks	Corps		49276	battle-moscow-operation-typhoon-1941	
Battle of Buena Vista	1	M	Command 40	XTR		Gunpowder	Mexico Binder	M	1 hour	Battalion	100 yards	10257	battle-buena-vista	
Battle of Bushy Run	1	M	Special Ops 5	MMP	RAtM	Gunpowder	FIW / AWI Binder	S				164187	battle-bushy-run	
Battle of Guilford Courthouse	1	M	Armchair General 	Lock 'N Load Games		Gunpowder	FIW / AWI Binder	S	10-15 minutes	Company		19452	battle-guilford-courthouse-beginning-end	
Battle of Monmouth	1	M	S&T 90	SPI	WV	Gunpowder	FIW / AWI Binder	M	20 minutes	Regiment	100 yards	4449	battle-monmouth	
Battly-Cry	1	B	1961	Milton Bradley		ACW	Shelves	M				2428	battle-cry	Also have a copy of the 1975 version
Beda Fomm	1	Z	1979	GDW	Series 120	WW2	WW2 - Africa box	S	1 hour	Company	1 mile	6914	beda-fomm	
Bethesda Church	1	Z	1999	Ivy Street Games	S@CM	ACW	Ivy Street Box	S	30 minutes	Brigade		27912	bethesda-church	
Beyond the Rhine	1	B	2015	MMP	OCS	WW2	Shelves	XL	3.5 days	Division, Regiment	3.5 miles	163097	beyond-rhine-campaign-northwest-europe	
Bitter End: Attack to Budapest, 1945	1	B	2005	Compass Games		WW2	Shelves	L	1 day	Brigade, Regiment	2 miles	20266	bitter-end-attack-budapest-1945	
Black Death	1	Z		BTRC		Ancient to Medival	Binder Everyone Else	S				166	black-death	
Blitzkrieg 1940	1	M	Command 42	XTR		WW2	WW2 - Early War	L				10261	blitzkrieg-1940	
Blitzkrieg Legend	1	B	2012	MMP	OCS	WW2	Shelves	L	2 days	Division, Regiment	3 miles	65936	blitzkrieg-legend-battle-france-1940	
Blood & Iron	1	M	Command 21	XTR		Gunpowder	Binder Gunpowder Europe	M	1 hour	Brigade	500 yards	5990	blood-iron	
Blood on the Snow	1	B	1995	Avalanche Press		WW2	Shelves	M	1 day	Battalion	2 km	7847	blood-snow-battle-suomussalmi	
Bloody 110	1	B	1989	MMP	TCS	WW2	Shelves	L	20 minutes	Platoon	114 meters	5830	bloody-110	
Bloody Buna	1	Z	1979	3W		WW2	WW2 - Asia/Pacific	M	4 days			8245	bloody-buna	
Bloody Karen	1	M	Wargamer 59	3W	BfNA	WW2	BfNA box	M	4 days	Battalion	8 miles	8705	bloody-keren	
Bloody Ridge	1	B	2005	MMP	TCS	WW2	Shelves	M	20 minutes	Platoon	114 meters	11964	bloody-ridge	
Bloody Roads South	1	B	1992	The Gamers	CWBS	ACW	Shelves	M	30 minutes	Brigade	200 yards	9640	bloody-roads-south	
Brandy Station	1	M	Panzerschrek 14	Minden Games		ACW	ACW Binder	S	1 hour	Brigade		18967	brandy-station-cavalry-vs-cavalry	
Brazen Chariots	1	B	2019	MMP	BCS	WW2	Shelves	XL	1 day	Battalion	1 mile	249750	brazen-chariots-battles-tobruk-1941	
Budapest '45	1	M	Command 31	XTR		WW2	WW2 - East Front	M	1-2 days	Division	2.5 miles	6041	budapest-45	
Bull Run	1	B	1983	Avalon Hill		ACW	Shelves	M	30 minutes	Regiment		671	bull-run-first-major-battle-american-civil-war	
Bunker Hill	1	M	Command 32	XTR		Gunpowder	FIW / AWI Binder	M	10 minutes	Company	35 yards	8267	bunker-hill	
Burma	1	B	2008	MMP	OCS	WW2	Shelves	L	3.5 days	Division, Regiment	5 miles	1585	burma-campaign-northern-burma	
Cactus Throne	1	M	ATO 15	ATO		Gunpowder	Mexico Binder	M				18908	cactus-throne-mexican-war-1862-1867	
Campaign to Stalingrad	1	Z	1992	Rhino Games		WW2	Shelves	L	3 days	Division	16 km	5834	campaign-stalingrad-southern-russia-1942	
Campaigns in the Valley	1	Z	1988	PacRim	Markham OpACW	ACW	Markham OpACW box	M	2 days	Division	2 miles	8446	campaigns-valley	
Canadian Crucible: Brigade Fortress at Norrey	1	B	2013	MMP	TCS	WW2	Shelves	M		Platoon		59008	canadian-crucible-brigade-fortress-norrey	
Carthage: The First Punic War	1	B		GMT	The Ancient World	Ancient to Medival	Shelves	M	1 year	Strength point: 500 infantry 300 cavalry 10 elephants	13 miles	13855	carthage-first-punic-war	
Case Blue	1	B	2007	MMP	OCS	WW2	Shelves	XL	3.5 days	Division, Regiment	5 miles	29285	case-blue	
Caucasus Campaign	1	B	2009	GMT	xYY	WW2	Shelves	M	1 week	Division	18 miles	33003	caucasus-campaign	
Chad: The Toyota Wars	1	M	S&T 144	Decision Games		Cold War	Binder Modern	M	1 year	Battalion, Company	35 km	8322	chad-toyota-wars-1979-1988	
Champion Hill	1	B	1996	The Gamers	CWBS	ACW	Shelves	M	30 minutes	Brigade	200 yards	4362	champion-hill	
Chancellorsville & Plevna	2	M	S&T 218	Decision Games	E@W	Gunpowder	with Empires at War	M	1 hour or 1/4 day	Brigade, Division	1 km or mile	13568	chancellorsville	
Chantilly	1	Z	2013	Decision Games	M&S	ACW	ACW Binder	S	90 minutes	Brigade	352 yards	143839	chantilly-jacksons-missed-opportunity	
Chantilly	1	Z	1999	Ivy Street Games	S@CM	ACW	Ivy Street Box	S	30 minutes	Brigade		13825	chantilly	
Chattanooga	1	B	Command 43	XTR	FatLite	ACW	FatLite Box	M	2 hours	Regiment	250 yards	4285	chattanooga	
Chosin: X Corps Escapse the Trap	1	M	S&T 257	Decision Games		Cold War	Korea Binder	M	1 day	Regiment	4 km	38825	chosin-x-corps-escapes-trap	
Circus Maximus	1	B		Avalon Hill		Ancient to Medival	Shelves	M				244	circus-maximus	
Circus Minimus	1	Z		The Gamers		Ancient to Medival	Binder Everyone Else	S				843	circus-minimus	
Civil War	1	B	1983	Victory Games		ACW	Shelves	M	2-3 months		25 miles	2081	civil-war-1861-1865	
Clash of Empires	1	Z		Microgame Design Group		Early 20th Century	WW1 Binder	M	3 days	Army	P2P France-Belgium	5929	clash-empires-battle-france-1914	
Clash of the Eagles: Borodino & Friedland	1	M	S&T 195	Decision Games	NLB	Gunpowder	with Napoleon at Leipzig	M	1 hour	Brigades	250 and 350 meters	12505	clash-eagles-borodino-friedland	
Clash of the Gladiators	1	B		Rio Grande Games		Ancient to Medival	Shelves	M		Individuals		3242	clash-gladiators	
Cobra	1	M	S&T 65	SPI	PGG	WW2	WW2 - West Front	M	3 days	Division, Regiment	2 m	4008	cobra-game-normandy-breakout	
Codeword: Barbarossa	0.25	M	ATO Annual 2010	ATO		WW2	WW2 - East Front	S			Area	92140	four-roads-moscow	
Commands & Colors: Ancients	1	B	1st	GMT	C&C:A	Ancient to Medival	Top Shelf	M				14105	commands-colors-ancients	
Commands & Colors: Ancients Expansion Pack #1 – Greece & Eastern Kingdoms	1	E		GMT	C&C:A	Ancient to Medival	With C&C:A	M				22605	commands-colors-ancients-expansion-pack-1-greece-e	
Commands & Colors: Ancients Expansion Pack #2 – Rome vs the Barbarians	1	E		GMT	C&C:A	Ancient to Medival	With C&C:A	M				24089	commands-colors-ancients-expansion-pack-2-rome-vs	
Commands & Colors: Ancients Expansion Pack #3 – The Roman Civil Wars 	1	E		GMT	C&C:A	Ancient to Medival	With C&C:A	M				29853	commands-colors-ancients-expansion-pack-3-roman-ci	
Commands & Colors: Ancients Expansion Pack #4 – Imperial Rome 	1	E		GMT	C&C:A	Ancient to Medival	With C&C:A	M				38928	commands-colors-ancients-expansion-pack-4-imperial	
Commands & Colors: Ancients Expansion Pack #5 – Epic Ancients II 	1	E		GMT	C&C:A	Ancient to Medival	With C&C:A	M				38927	commands-colors-ancients-expansion-pack-5-epic-anc	
Commands & Colors: Ancients Expansion Pack #6 – The Spartan Army 	1	E		GMT	C&C:A	Ancient to Medival	With C&C:A	M				88853	commands-colors-ancients-expansion-pack-6-spartan	
Conquistador	1	M	S&T 58	SPI		Gunpowder	Latin America Binder	M				1506	conquistador-age-exploration	
Cortes	1	M	Command 20	XTR		Gunpowder	Mexico Binder	M				6037	cortes-conquest-aztec-empire	
Crossbows and Cannon	1	B		3W	Markham Early Modern	Ancient to Medival	Shelves	M	30 minutes			7143	crossbows-and-cannon	
Crossing the Line	1	B	2019	VUCA Simulations	TF	WW2	Shelves	M	2-8 days	Battalion	1.2 km	267661	crossing-line-aachen-1944	
Crusades II	1	B		3W	Markham Early Modern	Ancient to Medival	Shelves	M	30 minutes			2263	crusades-ii	
Custoza, Fields of Doom	1	B		Europa Simulazioni		Gunpowder	Shelves	L	1 hour	Battalion, regiment	330 meters	271550	custoza-fields-doom	
D-Day at Omaha Beach	1	B	1st Ed.	Decision Games	DDay@	WW2	Shelves	M	15 to 30 minutes	Company	250 meters	29603	d-day-omaha-beach	
D-Day at Peleliu	1	B	1st Ed.	Decision Games	DDay@	WW2	Shelves	M	6 hours	Company	150 meters	67601	d-day-peleliu	
D-Day at Tarawa	1	B	1st Ed.	Decision Games	DDay@	WW2	Shelves	M	1 hour	Company	100 meters	67600	d-day-tarawa	
DAK2	1	B	2004	MMP	OCS	WW2	Shelves	XL	3.5 days	Division, Regiment	5 miles	12234	dak2-campaign-north-africa-1940-1942	
Dark Victory: The Battle of the Alamo	1	M	Command 44	XTR	Hougoumont	Gunpowder	Mexico Binder	M				4365	dark-victory-battle-alamo	
Death in the Trenches	1	Z		Schutze Games		Early 20th Century	WW1 Binder	M				15391	death-trenches-great-war-1914-1918	
Deathride: Mars-la-Tour 1870	1	M	ATO 24	ATO		Gunpowder	Binder Gunpowder Europe	M				33018	deathride-mars-la-tour-1870	
Decision at Elst	1	B	2014	MMP	ASLSK	WW2	Top Shelf	S	2 minutes	Squad	40 meters	149620	decision-elst-advanced-squad-leader-starter-kit-hi	
Decision in France	1	Z	1994	Rhino Games		WW2	WW2 - West Front	M	3 days	Division	8.5 miles	4970	decision-france	
Desert Fox	1	M	S&T 87	SPI		WW2	WW2 - Africa box	M	1 month	Brigade, Regiment	16 km	8325	desert-fox-rommels-campaign-north-africa-april-194	
Dixie	1	M	S&T 54	SPI		WW2	Mid 20th Alt-Hist box	M	15 days	Division	70 km	4126	dixie-second-war-between-states	
Don't Tread on Me	1	Z	2014	White Dog Games	Solitaire	Gunpowder	FIW / AWI Binder	S	6 months		Area	164655	dont-tread-me-american-revolution-solitaire-board	
Drive on Damascus	1	Z	1981	3W	BfNA	WW2	BFNA box	M	1 day	Battalion	3.2 miles	13593	drive-damascus	
Edelweiss	1	B	1989	Clash of Arms	Winter Storm	WW2	Shelves	XL	2 days	Division, Regiment	5 miles	5769	edelweiss-struggle-caucasus	
Embrace an Angry Wind	1	B	1992	The Gamers	CWBS	ACW	Shelves	M	30 minutes	Brigade	200 yards	9117	embrace-angry-wind	
Empires at War	1	B		Decision Games	E@W	Gunpowder	Shelves	M	1 hour	Brigade, Division	500 meters	3693	empires-war	
End of Empire, The	1	M	Command 46	XTR		Gunpowder	FIW / AWI Binder	L	2 month	Regiment	20 miles	11136	end-empire-french-and-indian-war-and-american-revo	
España 1936	1	B	2007	Devir Games		WW2	Shelves	M				31291	espana-1936	
Fall of Berlin	1	M	Panzerschrek 1	Minden Games		WW2	WW2 - East Front	S			P2P Berlin	8161	fall-berlin	
Fallschirmjaeger	1	B	2001	MMP	SCS	WW2	Shelves	M	8 hours	Company	1 km	3416	fallschirmjaeger-airborne-assault-fortress-holland	
Fateful Lightning	1	Z	1994	XTR	FatLite	ACW	FatLite Box	L	20 minutes	Regiment	200 yards	10038	fateful-lightning	
Fifth Corps	1	M	S&T 82	SPI	Central Front	Cold War	Central Front Box	M		Battalion	4 km	7109	fifth-corps-soviet-breakthrough-fulda	
Fire in Mississippi	1	Z	1999	Blue Guidon Games	FiM	ACW	FiM Box	M	90 minutes	Brigade	440 yards	4137	fire-mississippi	
First Arab-Israeli War	1	M	S&T 185	Decision Games		Cold War	Binder Modern	M	1 month	Brigade, Battalion	7.5km	11477	first-arab-israeli-war	
Flowers of the Forest	1	M	Battles 9	Battles Magazine		Ancient to Medival	Binder Everyone Else	M				15153	flowers-forest	
Forgotten War: Korea	1	B	1996	Decision Games		Cold War	Shelves	M	8 hours / 1 day	Company, Platoon	150 / 500 / 800 yards	9263	forgotten-war-korea	
Forward to Richond!	1	B	2nd ed.	3W		ACW	Shelves	M	45 minutes	Regiment	250 yards	6402	forward-richmond	
France '40	1	B	2013	GMT	xYY	WW2	Shelves	L	1 day	Division	4 miles	125993	france-40	
France 1944	1	B	1986	Victory Games		WW2	Shelves	M	1 month	Corps, Division	20 miles	5656	france-1944-allied-crusade-europe	
Franco-Prussian War	1	M	S&T 149	Decision Games	Wars of the Imperial Age	Gunpowder	Wars of the Imperial Age Box	M	1/4 month			12501	franco-prussian-war	
Franco-Prussian War	1	B	White box	SPI		Gunpowder	Shelves	M				10471	franco-prussian-war-august-1-september-2-1870	Includes flat pack edition
Fulda Gap	1	F	Flat-pack	SPI		Cold War	Shelves	M	1 day	Brigade, Regiment	6.25 km	4235	fulda-gap-first-battle-next-war	Extra set of counters in loose counter box
Fury in the East	1	M	Operations Special #3	MMP		WW2	WW2 - East Front	M	4 weeks	Corps		80044	fury-east	
Gaines Mill	1	B	1997	The Gamers	CWBS	ACW	Shelves	M	30 minutes	Brigade	200 yards	4364	gaines-mill	
Gauntlet	1	M	S&T 190	Decision Games		Cold War	Korea Binder	M				11548	gauntlet	No mag
GD '40	1	B	1993	MMP	TCS	WW2	Shelves	L	20 minutes	Platoon	114 meters	4201	gd-40	
GD '41	1	B	1996	MMP	TCS	WW2	Shelves	L	20 minutes	Platoon	114 meters	4202	gd-41	
GD '42	1	B	2009	MMP	TCS	WW2	Shelves	L	20 minutes	Platoon	114 meters	29383	gd-42-grossdeutschland	
Gettysburg: Lee's Greatest Gamble	1	M	Command 17	XTR		ACW	ACW Binder	M	1 hour	Brigade	500 yards	6046	gettysburg-lees-greatest-gamble	
Glory Road	1	M	Wargamer 52	3W		ACW	ACW Binder	M	45 minutes	Regiment	1,000 feet	5926	glory-road-first-battle-bull-run	
Grand Campaign	1	B		SPW	Der Weltkrieg	Early 20th Century	with Der Weltrkrieg	XL	6 days	Division	22 km	135194	grand-campaign	
Grand Imperialism	1	B	1978	Gametime Games		Gunpowder	Shelves	M				3641	grand-imperialism	
Great War in the East: Brusilov Offensive and Servia/Galicia	1	M	S&T 192	Decision Games	GWitE	Early 20th Century	WW1 Binder	M	3 days	Corps, Division	13-14 km	12379	great-war-east-1914-1918-second-edition	
Gringo!	1	B	2004	GMT	Simple GBACW	Gunpowder	Shelves	M	1 hour	Regiment	45-125 yards	10623	gringo-mexican-war-1846-48	
Guderian's Blitzkrieg II	1	B	2001	MMP	OCS	WW2	Shelves	XL	3.5 days	Division, Regiment	5 miles	13532	guderians-blitzkrieg-ii	
Guelphs and Ghibellines	1	B		Europa Simulazioni		Ancient to Medival	Shelves	M		1,000-1,500 infantry 100-150 cavalry	100 meters	34098	guelphs-and-ghibellines	
Guerra a Muerte	1	M	ATO 23	ATO		Gunpowder	Latin America Binder	M			Area	29447	guerra-muerte	
Hannibal: Rome vs. Carthage	1	B		Valley Games		Ancient to Medival	Shelves	M			P2P Western Mediteranean	234	hannibal-rome-vs-carthage	
Harvest of Death	1	M	S&T 129	3W		ACW	ACW Binder	M	20 minutes	Regiment	240 yards	3691	harvest-death-second-day-gettysburg	
Hell Before Night	1	M	Command 42	XTR	FatLite	ACW	FatLite Box	M	20 minutes	Regiment	176 yards	11131	hell-night-battle-shiloh	mag with Blitzkrieg 1940
Hellfire Pass	1	M	Wargamer 39	3W	BfNA	WW2	BfNA box	M	12 hours	Battalion	2 miles	13771	hellfire-pass	
Here I Stand: Wars of the Reformation 1517-1555	1	B	1st	GMT		Ancient to Medival	Shelves	M	4 years	5,000 25 galleys	P2P Europe	17392	here-i-stand	
Highway to the Reich	1	B	2008	Decision Games		WW2	Shelves	XL	3 hours	Company	600 meters	37912	highway-reich-allied-airborne-invasion-holland-194	
Hitler Turns East	0.25	M	ATO Annual 2010	ATO		WW2	WW2 - East Front	S		Army	50 miles	92140	four-roads-moscow	
Hitler's War	1	B	1984	Avalon Hill		WW2	Shelves	M	4 months	Army group	300 km	2168	hitlers-war	
Holland '44	1	B	2017	GMT	xYY	WW2	Shelves	L	8 hours	Battalion	2 km	207572	holland-44-operation-market-garden	
Hoorah!	1	M	Command 39	XTR	Hoorah!	ACW	Hooray! Box	M	45 minutes	Division	400 yards	10797	hoorah	
Hougoumont	1	M	Command 11	XTR	Hougoumont	Gunpowder	Binder Gunpowder Europe	M	10 minutes	Company	25 yards	4234	hougoumont	
House Divided, A	1	B	3rd edition	Phalanx Games		ACW	Shelves	M				701	house-divided-war-between-states-1861-65	Also have the 1st ed. in same box
Hungarian Rhapsody	1	B	2020	MMP	OCS	WW2	Shelves	L	3.5 days	Division, Regiment	5 miles	207398	hungarian-rhapsody-eastern-front-hungary	
I Fights Mit Sigel	1	Z	2004	Homegrown Designs	Rebel Yell	ACW	Shelves	M	15 minutes	Company	80-100 yards	21139	i-fights-mit-sigel	
Ignorant Armies	1	M	S&T 215	Decision Games		Cold War	Binder Modern	M	4 months	Division	20 km	10102	ignorant-armies-iran-iraq-war-1980-88	
In the Trenches: Through Mud and Blood	1	B		Grenier Games	In the Trenches	Early 20th Century	Shelves	M	5 minutes	Platoon	100 yards	69680	trenches-through-mud-and-blood	
In Their Quiet Fields II	1	B	1995	The Gamers	CWBS	ACW	Shelves	M	30 minutes	Brigade	200 yards	4368	their-quiet-fields-ii	
Iron Tide	1	Z	2003	PacRim	VCS	WW2	Shelves	M				6495	iron-tide-panzers-ardennes	
Island of Death	1	B	2008	Avalanche Press	Red Steel	WW2	Shelves	M	6 hours	Battalion	1 km	24994	island-death-invasion-malta-1942	
Italia '44	1	M	Alea 35	Ludopress		WW2	WW2 - West Front	M		Division, Brigade	20 km	154470	italia-44	
Italian Front: 1915-1918	1	B		SPW	Der Weltkrieg	Early 20th Century	with Der Weltrkrieg	M	7 days	Division	23 km	7748	italian-front-1915-1918	
Iwo Jima: Rage Against the Marines	1	M	Operations Special #1	MMP		WW2	WW2 - Asia/Pacific	S		Regiment	Area of Iwo Jima	37875	iwo-jima-rage-against-marines	
Jaws of Victory	1	B	2020	NES		WW2	Shelves	XL	1 day	Regiment	2 miles	288539	jaws-victory-battle-korsun-cherkassy-pocket-januar	
Junta	1	B	1985	West End Games		Cold War	Shelves	M				242	junta	
Kaiserschlacht: 1918	1	Z	2nd printing	Excalibre Games		Early 20th Century	Shelves	L	1 day	 Division		12044	kaiserschlacht-1918	
Kawaguchi's Gamble	1	B	2015	MMP		WW2	Shelves	M	1-2 hours	Platoon	Area	34195	kawaguchis-gamble-edsons-ridge-battle-guadalcanal	
Kharkov	1	M	S&T 68	SPI	PGG	WW2	WW2 - East Front	M	1 day	Division	4.2 miles	4207	kharkov-soviet-spring-offensive	
Kiev & Rostov	1	M	S&T 188	Decision Games	PGG	WW2	WW2 - East Front	M	5 days	Division		15213	kiev-rostov-battles-army-group-south-1941	
Killing Ground	1	B	2002	NES		WW2	Shelves	L	1 day	Regiment	2.5 km	7138	killing-ground	
Königsberg	1	Z	2018	Revolution Games		WW2	WW2 - East Front	M	2 days	Division	5 miles	246873	konigsberg-soviet-attack-east-prussia-1945	
Korea: Fire and Ice	1	B	2018	Compass Games	OSS	Cold War	Shelves	L	1 week	Division, Regiment	7 miles	249650	korea-fire-and-ice	
Korea: The Mobile War 1950-51	1	F	1971	SPI		Cold War	Shelves	M				4239	korea-mobile-war-1950-51	with Kerry Anderson counters
Korean War	1	B	1986	Victory Games		Cold War	Shelves	L	1 month	Division	7.5 miles	7349	korean-war-june-1950-may-1951	
Last Blitzkrieg	1	B	2016	MMP	BCS	WW2	Shelves	XL	1 day	Battalion	1 km	178896	last-blitzkrieg-wacht-am-rhein-battle-bulge	
Lee Invades the North	1	Z	1988	PacRim	Markham OpACW	ACW	Markham OpACW box	M	2 days	Division	2 miles	4677	lee-invades-north	
Lee vs. Grant	1	B	1988	Victory Games		ACW	Shelves	M	5 days	Division	2 miles	5680	lee-vs-grant-wilderness-campaign-1864	
Leros - The Island Prize	1	B	1996	MMP	TCS	WW2	Shelves	L	20 minutes	Platoon	114 meters	7502	leros	
Liberté	1	B	2nd Ed.	Valley Games		Gunpowder	Shelves	M				2507	liberte	
Liberty Roads	1	B	1st Ed.	Hexasim		WW2	Shelves	L	10 - 15 days	Division	25 km	39188	liberty-roads	
Lincoln's War	1	B	2013	MMP		ACW	Shelves	M				35452	lincolns-war	
Lion of Ethiopia	1	M	Command 4	XTR		WW2	WW2 - Africa box	M				5991	lion-ethiopia	
Little Round Top	1	B	1979	Avalon Hill		ACW	Shelves	S	6 minutes	Company	20 yards	1694	little-round-top-souths-best-chance-gettysburg	
Lods 1914: Blitzkrieg in the East	1	M	Wargamer 29	3W		Early 20th Century	Lodz 1914 box, includes mag	M	1 day	Brigade	2 miles	8252	lods-1914-blitzkrieg-east	
Lodz 1914: First Blitzkrieg	1	B		Moments in History		Early 20th Century	Shelves	M	1 day	Brigade	2 miles	6456	lodz-1914-first-blitzkrieg	
Lost Battalion	1	M	S&T 217	Decision Games		Early 20th Century	WW1 Binder	M		Division		11674	lost-battalion-meuse-argonne-offensive-1918	
Lost Victory	1	B	1994	GMT		WW2	Shelves	M	3 days	Brigade, Regiment	4 miles	5351	lost-victory-manstein-kharkov-winter-1943	
MacArthur's War	1	Z	1996	Microgame Design Group		Cold War	Korea Binder	S	1 month	Division, Brigade	53 km	10588	macarthurs-war	
Malvern Hill	1	B	1999	The Gamers	CWBS	ACW	Shelves	M	30 minutes	Brigade	200 yards	14559	malvern-hill	
Manchu	1	M	S&T116	3W		Gunpowder	Shelves	M	1 year	1000-3000/point	35 miles	688	manchu-taiping-rebellion-1852-1868	
Marignan 1515: The Ride of Francis I in Italy	1	Z		Ludifolie Editions		Ancient to Medival	Binder The French	M	Weeks	750 to 2,000 100 guns	Area map of Italy	177955	marignan-1515-la-chevauchee-de-francois-1er-en-ita	
Marne 1918 - Friedensturm	1	B		Hexasim		Early 20th Century	Shelves	M	1-3 days	Division, Regiment	3 km	27817	marne-1918-friedensturm	
Mason-Dixon	1	M	Command 35	XTR		WW2	Mid 20th Alt-Hist box	M	10 days	Corps	33 miles	7978	mason-dixon-second-american-civil-war	
Matanikau	1	B	1993	MMP	TCS	WW2	Shelves	M	20 minutes	Platoon	114 meters	5768	matanikau-battles-matanikau-river-guadalcanal-1942	
Memoir '44	5	B	1st Ed	Days of Wonder	M44	WW2	Shelves	M				10630	memoir-44	Incudes Eastern Front, Pacific Theater, Terrain Pack, and Winter/Desert Boards
Mighty Hood	1	M	Panzerschrek 14	Minden Games	Graf Spee	WW2	WW2 - Early War	S		1 ship	1 inch = 1,000 yards	19017	mighty-hood	
Mississippi Bonsai	1	Z	1990	XTR		WW2	Mid 20th Alt-Hist box	M	1/4 month	Division	12 km	7980	mississippi-banzai	
Moscow Burning	1	M	Command 40	XTR		Cold War	Binder Modern	M	3 days	Divison	20 miles	8253	moscow-burning-next-russian-civil-war	
Mule Shoe Salient	1	M	Counterfact 1	One Small Step		ACW	ACW Binder	S		Regiment		169998	mule-shoe-salient	
Napoleon at Leipzig	1	B	2nd	Clash of Arms	NLB	Gunpowder	Shelves	M	1-3 hours	Division	525 yards	10183	napoleon-leipzig	
Napoleon at Waterloo	1	Z	Intro game	SPI	NLB	Gunpowder	with Napoleon at Leipzig	S	1 hour			3573	napoleon-waterloo	
Napoleon: The Waterloo Campaign, 1815	1	B	2nd	Avalon Hill		Gunpowder	Shelves	M			P2P Belgium	1662	napoleon-waterloo-campaign-1815	
Napoleon's Art of War	1	M	S&T 75	SPI	NLB	Gunpowder	with Napoleon at Leipzig	M	1 hour			10534	napoleons-art-war-eylau-dresden	
Napoleon's Last Battles	1	B	1982	TSR	NLB	Gunpowder	Shelves	L				4230	napoleons-last-battles	
Ney vs. Wellington: The Battle of Quatre Bras	1	M	S&T 74	SPI	Wellington's Victory	Gunpowder	BinderGunpowder Europe	M	15 minutes 	Battalion	100 yards	4255	ney-vs-wellington-battle-quatre-bras	
Nicaragua!	1	M	S&T 120	3W		Cold War	Binder Modern	M	3 months	Battalion, Company	Area, Nicaragua	7058	nicaragua	
Night Drop	1	M	2012	Battles Magazine		WW2	WW2 - West Front	M	1 hour	Company	400 meters	101206	night-drop-6-june-44	
No Better Place to Die	1	B	1994	The Gamers	CWBS	ACW	Shelves	M	30 minutes	Brigade	200 yards	8812	no-better-place-die-battle-murfreesboro	
None but Heroes	1	B	2011	MMP	LOB	ACW	Shelves	L	15 minutes	Regiment	110 yards	62922	none-heroes	
Normany 1944: Bloody Summer	1	Z	2013	Ludifolie Editions		WW2	WW2 - West Front	M	1 week	Division, Regiment	6 km	143034	normandy-1944-bloody-summer	
Nuclear War	1	B	1985	Flying Buffalo		Cold War	Shelves	M				713	nuclear-war	
Nuts!	1	Z	1998	Decision Games		WW2	Shelves	L				3265	nuts	
O'Connor's Offensive	1	M	Wargamer 41	3W	BfNA	WW2	BfNA box	M	12 hours	Battalion	2 miles	13645	oconnors-offensive	
Objective: Schmidt	1	B	1990	MMP	TCS	WW2	Shelves	L	20 minutes	Platoon	114 meters	11756	objective-schmidt	
Objective: Tunis	1	M	S&T 140	Decision Games	BfNA	WW2	BfNA box	M	12 hours	Battalion	2 miles	8447	objective-tunis	
Old Contemptibles	1	M	S&T 228	Decision Games		Early 20th Century	WW1 Binder	M	2 hours	Regiment, Battalion	1 mile	17430	old-contemptibles	
Olustee	1	M	S&T 166	Decision Games	B&G	ACW	Seven Days Battles box	M	1 hour	Brigade	300 yards	11529	olustee	
Omaha Beachhead	1	B	1987	Victory Games		WW2	Shelves	M	1 day	Battalion	1 km	5239	omaha-beachhead-battle-bocage	
Onslaught	1	B	1987	SPI		WW2	Shelves	M	15 days	Division	15 miles	4287	onslaught	
Operation Crusader	1	B	1978	GDW		WW2	Shelves	XL		Company		5058	operation-crusader	
Operation Grenade	1	M	S&T 84	SPI	VitW	WW2	Patton's 3rd Army box	M	1 day	Regiment	2.4 miles	5992	operation-grenade-battle-rhineland-23-feb-5-mar-45	
Operation Jubilee	1	M	S&T 265	Decision Games	DDay@	WW2	WW2 - West Front	M	20 minutes	Company	400 meters	63928	operation-jubilee-dieppe-august-1942	
Operation Mercury	1	B	2017	MMP	GTS	WW2	Shelves	XL	2 hours	Company	500 meters	194078	operation-mercury-invasion-crete	
Operation Sea Lion	1	M	Command 45	XTR	ViN	WW2	ViN Box	S	1 day	Division	15 km	11124	operation-sea-lion	
Operation Shoestring	1	B	1990	GMT		WW2	Shelves	M	3.5 days	Company	1 mile	8056	operation-shoestring-guadalcanal-campaign-1942	
Osmanli Harbi: The Ottoman Fronts - 1914 to 1918	1	B		SPW	Der Weltkrieg	Early 20th Century	with Der Weltrkrieg	L	8 days	Division	24 km	41624	osmanli-harbi-ottoman-fronts-1914-1918	
Over the Top! Four Battles from World War One	1	B		Decision Games	OtT	Early 20th Century	Shelves	M	12-24 hours	Division, Brigade		10221	over-top-four-battles-world-war-one	
Over the Top! Lemberg 1914 & Verdun 1916 	1	M	S&T 198	Decision Games	OtT	Early 20th Century	Over the Top! box	M	12-24 hours	Division, Brigade		16830	over-top-lemberg-1914-verdun-1916	
Over the Top! Mons & The Marne	1	M	S&T 186	Decision Games	OtT	Early 20th Century	Over the Top! box	M	12-24 hours	Division, Brigade		12496	over-top-mons-marne	
Overlord	1	E	2007	NES		WW2	Killing Ground box	XL				30507	overlord-d-day-and-beachhead-battles	
Pacific Fury: Guadalcanal, 1942	1	Z	2016	Revolution Games		WW2	WW2 - Asia/Pacific	S			Area of Solomons	195353	pacific-fury-guadalcanal-1942	
Pacific Islands Campaign: Pelelieu/Angaur	1	B	2013	Grognard Simulations	Pacific Islands Campaign	WW2	Shelves	M	8 hours	Company	330 meters	114608	pacific-islands-campaign-pelelieuangaur	
Pacific War	1	Z	2016	Lock 'N Load Games		WW2	Shelves	M	1 month		Area, Pacific	209644	pacific-war-pearl-harbor-philippines	
Panzer Battles	1	B	2016	MMP	SCS	WW2	Shelves	L	2-3 days	Company	500 meters	178655	panzer-battles-11th-panzer-chir-river	
Panzer Command	1	B	1984	Victory Games		WW2	Shelves	M	2 hours	Company	500 meters	2072	panzer-command-gateway-stalingrad	
Panzer Leader	1	B	1974	Avalon Hill	PB	WW2	Shelves	M	6 minutes	Platoon	250 meters	2639	panzer-leader-game-tactical-warfare-western-front	
Panzerblitz	1	B	1970	Avalon Hill	PB	WW2	Shelves	M	6 minutes	Platoon	250 meters	2238	panzerblitz	
Par le feu, le fer et la foi	1	B		Hexasim		Ancient to Medival	Shelves	M	20 minutes	100-500	Area, 300-500 meters across	148557	par-le-feu-le-fer-et-la-foi	
Paratroop	1	M	S&T 77	SPI		WW2	WW2 - Early War	S				8328	paratroop	
Paris vaut bien une messe !	1	M	VV 50, French	Vae Victis	AIR	Ancient to Medival	Binder The French	M	20-30 minutes	200-2,000	150 meters	9835	paris-vaut-bien-une-messe-les-guerres-de-religion	
Patton Goes to War	1	M	S&T 112	3W	BfNA	WW2	BfNA box	M	12 hours	Battalion	2 miles	5955	patton-goes-war	
Patton's 3rd Army	1	B	Boxed	SPI	VitW	WW2	Shelves	M	1 day	Regiment	2.6 miles	8250	pattons-3rd-army-lorraine-campaign	
Pavia: Climax of the Italian Wars	1	Z		Decision Games	Pike & Shot	Ancient to Medival	Binder The French	M	30 minutes	regiment	200 yards	130669	pavia-climax-italian-wars	
Pax Romana	1	B	2nd	GMT		Ancient to Medival	Shelves	M	25 years	4-7,000 25+ galleys	P2P Roman Empire	17393	pax-romana	
Pea Ridge	1	B	Boxed 1980	SPI	GBACW	ACW	Shelves	M	30 minutes 	Regiment	125 yards	4275	pea-ridge-gettysburg-west-march-7-8-1862	Missing 2 unit counters
Pea Ridge	1	Z	2012	Decision Games	M&S	ACW	ACW Binder	M	90 minutes	Brigade	352 yards	130672	pea-ridge-st-louis-then-huzzah	
Pegasus Bridge	1	M	S&T 122	3W		WW2	WW2 - West Front	M	15 minutes	Platoon	p2p	8329	pegasus-bridge-beginning-d-day-june-6-1944	
Perryville	1	B	1992	The Gamers	CWBS	ACW	Shelves	M	30 minutes	Brigade	200 yards	9237	perryville	Maybe missing some counters
Plan Orange: Pacific War 1932-1935	1	M	C3i 29	GMT		WW2	WW2 - Asia/Pacific	M				190232	plan-orange-pacific-war-1932-1935	
Poland '39	1	Z	1992	XTR		WW2	WW2 - Early War	M				15211	poland-39-nightmare-begins	
Poland Defiant	1	Z	2019	Revolution Games		WW2	WW2 - Early War	M	1 day	Division		274178	poland-defiant-german-invasion-september-1939	
Price of Freedom	1	B	2008	Compass Games		ACW	Shelves	M			P2P US	14701	price-freedom-american-civil-war-1861-1865	
Quartermaster General: 1914	1	B		PSC Games	QMG	Early 20th Century	Shelves	M				208773	quartermaster-general-1914	
Quartermaster General: Victory or Death - The Peloponnesian War	1	B		PSC Games	QMG	Ancient to Medival	Shelves	M			Areas, Greece	195227	quartermaster-general-victory-or-death-peloponnesi	
Race to the Vistula	1	Z	2005	Minden Games		WW2	WW2 - East Front	S		Corps		19018	race-vistula	
Raphia	1	M	Special Ops #1	The Gamers	SCS	Ancient to Medival	Binder Everyone Else	M		1,000 10 elephants		104351	raphia	Mag is with Savage Streets
Rebels & Redcoats I	1	B	1995	Decision Games	R&R	Gunpowder	Shelves	M	30 minutes	Regiment	200-300 meters	6885	rebels-redcoats-volume-i	
Rebels & Redcoats II	1	B	1995	Decision Games	R&R	Gunpowder	Shelves	M	32 minutes	Regiment	200-300 meters	17644	rebels-redcoats-volume-ii	
Rebels & Redcoats III	1	B	2004	Decision Games	R&R	Gunpowder	Shelves	M	33 minutes	Regiment	200-300 meters	19304	rebels-redcoats-volume-iii	
Red God of War	1	B	1st Ed.	Avalanche Press		WW2	Shelves	M	2 days	Division	5 miles	20054	red-god-war-soviet-operation-mars-1942	
Red Star Rising	1	B	2007	MMP		WW2	Shelves	L	2-8 weeks	Corps	22 miles	27968	red-star-rising-war-russia-1941-1944	
Red Steel	1	B	1996	Avalanche Press	Red Steel	WW2	Shelves	M	6 hours	Battalion	2 km	11699	red-steel-clash-armor-kishinev	
Reinforce the Right!	1	M	S&T 180	Decision Games	RtR!	Early 20th Century	RtR! Box	M	1 week	Corps, Division	15 km	10995	reinforce-right	
Remember the Alamo!	1	Z	1982	TSR		Gunpowder	Shelves	S				1616	remember-alamo	Missing many counters
Republic of Rome	1	B		Valley Games		Ancient to Medival	Shelves	M				1513	republic-rome	
Rise of the Roman Republic	1	B		GMT	The Ancient World	Ancient to Medival	Shelves	M	1 year	Strength point: 500 infantry 300 cavalry 10 elephants	13 miles	6202	rise-roman-republic	
Risorgiment: Italy's Wars of Liberation 1848-1866	1	M	S&T 187	Decision Games	Wars of the Imperial Age	Gunpowder	Wars of the Imperial Age Box	M	3 days			11534	risorgimento-italys-wars-liberation-1848-1866	
Road to Cheren	1	Z	2013	Revolution Games		WW2	WW2 - Africa box	S	1 week	Brigade, Battalion	7.5 miles	137626	road-cheren	
Road to the Rhine	1	B	Green Box	GDW		WW2	Shelves	L	1 week	Division	7 miles	4121	road-rhine	
Rommel at the Meuse	1	Z	1995	Simulations Workshop		WW2	WW2 - Early War	S	4 hours	Battalion, Company	1.5 km	8397	rommel-meuse	
Rough and Ready	1	M	S&T 212	Decision Games		Gunpowder	Mexico Binder	M				8348	rough-and-ready	
Roundhammer	1	E	2011	Hexasim		WW2	Liberty Roads Box	L				94729	roundhammer-1943	
Rush for Glory	1	M	S&T 127	3W		Gunpowder	Mexico Binder	M				4676	rush-glory	
Russo-Turkish War	1	M	S&T 154	Decision Games	Wars of the Imperial Age	Gunpowder	Wars of the Imperial Age Box	M	1/2 month			8913	russo-turkish-war-1877-78	
Salerno	1	B	2015	MMP	VCS	WW2	Shelves	L	12 hours	Regiment	1 and 3 miles	63823	salerno-1943-allied-invasion-italy	
Savage Station	1	M	S&T 166	Decision Games	B&G	ACW	Seven Days Battles box	M	1 hour	Brigade	300 yards	11511	savage-station	
Savage Streets	1	M	Special Ops #1	MMP		WW2	WW2 - East Front	S			Area Stalingrad	104353	savage-streets	
Schielffen Plan	1	B		SPW	Der Weltkrieg	Early 20th Century	with Der Weltrkrieg	L	4 days	Division	20 km	8717	schlieffen-plan	
Screaming Eagles in Holland	1	B	2002	MMP	TCS	WW2	Shelves	L	20 minutes	Platoon	114 meters	4342	screaming-eagles-holland-101st-airborne-divisions	
Second Front Now!	1	M	Command 44	XTR	ViN	WW2	ViN Box	M	1 day	Division	15 km	10348	second-front-now	
Semper Fi!	1	B	1997	MMP	TCS	Cold War	Shelves	M	20 minutes	Platoon	114 meters	4343	semper-fi	
Serbia the Defiant / Romania: Transylvanian Gambit	1	B		SPW	Der Weltkrieg	Early 20th Century	with Der Weltrkrieg	M	9 days	Division	25 km	41624	osmanli-harbi-ottoman-fronts-1914-1918	
Seven Days Battles	1	B	1993	Decision Games	B&G	ACW	Shelves	M	1 hour	Brigade	300 yards	6404	seven-days-battles	
Seven Pines	1	B	1998	The Gamers	CWBS	ACW	Shelves	M	30 minutes	Brigade	200 yards	4363	seven-pines	
Shenandoah: Valley of Fire	1	Z	1992	PacRim	Markham OpACW	ACW	Markham OpACW box	M	2 days	Division	2 miles	11344	shenandoah-valley-fire	
Shining Path	1	Z	1994	BTR Games		Cold War	Binder Modern	S				7337	shining-path-struggle-peru	
Shogun	1	B	2006	Queen Games		Ancient to Medival	Shelves	L				20551	shogun	
Shogun	1	B	1986	Milton Bradley		Ancient to Medival	Shelves	L				221	ikusa	Listed as Ikusa in BGG
Sicily II	1	Z	2016	MMP	OCS	WW2	OCS Binder	M	3.5 days	Division, Regiment	3.5 miles	202942	sicily-ii	
Sicily: The Race for Messina	1	M	S&T 89	SPI	VitW	WW2	Patton's 3rd Army box	M	2 days	Regiment	3 miles	8320	sicily-race-messina	
Sidi Rezegh	1	Z	1977	Excalibre Games		WW2	WW2 - Africa box	S		Division, Regiment		7413	sidi-rezegh	
Sinai	1	F	Flat-pack	SPI		Cold War	Shelves	M	12 hours	Brigade, Battalion	12 km	5241	sinai-arab-israeli-wars-56-67-and-73	Extra set of counters in loose counter box
Skirmish	1	B	1975	Milton Bradley		Gunpowder	Shelves	M				2427	skirmish	
Slaughterhouse	0.25	M	ATO Annual 2010	ATO		WW2	WW2 - East Front	S		Army	50 miles	92140	four-roads-moscow	
Smolensk: Barbarossa Derailed	1	B	2018	MMP	OCS	WW2	Shelves	M	3.5 days	Division, Regiment		225610	smolensk-barbarossa-derailed	
South Mountain	1	B	1984	West End Games		ACW	Shelves	M	40 minutes	Brigade	240 yards	6847	south-mountain	
SS Panzer	1	M	Command 36	XTR		WW2	WW2 - East Front	L	1 hour	Company	500 meters	4232	ss-panzer-bloodbath-kursk	
St-Lô	1	B	1986	Victory Games		WW2	Shelves	M	1 day	Battalion	306 yards	6976	st-lo	
Stalingrad Pocket	1	B	2nd Ed.	MMP	SCS	WW2	Shelves	M	2 days	Division, Regiment	3.4 miles	12140	stalingrad-pocket-wehrmachts-greatest-disaster-2nd	
Stand & Die	1	B	1991	GDW		WW2	Shelves	L	1 hour	Company	500 meters	3016	stand-die-battle-borodino-1941	
Starvation Island	1	M	Operations Special #3	MMP		WW2	WW2 - Asia/Pacific	S				77577	starvation-island	
Sticks & Stones	1	Z		Metagaming		Ancient to Medival	Binder Everyone Else	S	1 Minute	Inidividuals to small groups	50 meters	2988	sticks-stones	
Stonewall at Cedar Mountain	1	Z	1997	Ivy Street Games	S@CM	ACW	Ivy Street Box	S	30 minutes	Brigade		13816	stonewall-cedar-mountain	
Storm of Steel	2	B	2007	Decision Games		Early 20th Century	Shelves	L	3 months	Division	30 miles	23642	storm-steel	Includes expansion
Strafexpedition 1916	2	B	2011	Europa Simulazioni	StafExpedition	Early 20th Century	Shelves	L	1 day	Battalion	900 meters	35453	strafexpedition-1916	Includes expansion map
Strike North	1	M	Command 39	XTR		WW2	WW2 - Early War	M				10258	strike-north	
Strike the Bear	0.25	M	ATO Annual 2010	ATO		WW2	WW2 - East Front	S	3 weeks	Army, Corps	120 miles	92140	four-roads-moscow	
Strike them a Blow	1	B	2006	MMP	CWBS	ACW	Shelves	M	30 minutes	Brigade	200 yards	16325	strike-them-blow-1864-north-anna-river	
Struggle of Empires	1	B	2nd ed.	Warfrog Games		Gunpowder	Shelves	M				9625	struggle-empires	
Sun Never Sets, The	1	B	1997	Decision Games	Sun Never Sets	Gunpowder	Shelves	M	1/2 month	Regiment, Battalion		728	sun-never-sets-three-campaigns-british-empire	
Supply Lines of the American Revolution: The Northern Theater, 1775-1777	1	B	2017	Hollandspiele		Gunpowder	Shelves	M				120265	supply-lines-american-revolution-northern-theater	Includes bonus map and play book
Sword & Shield	1	B		3W	Markham Early Modern	Ancient to Medival	Shelves	M	30 minutes			10776	sword-shield	
Sword of Rome	1	B	1st	GMT		Ancient to Medival	Shelves	M	13 years	4,000	P2P Italy	7480	sword-rome	
Tactics II	1	B	1961	Avalon Hill		Cold War	Shelves	M				1574	tactics-ii	
Tahiti	1	B	1994	3W		Ancient to Medival	Shelves	M				8001	tahiti-clan-warfare-polynesia-750-ad	
Tannenberg: Eagles in the East / Galicia: The Forgotton Cauldron	1	B		SPW	Der Weltkrieg	Early 20th Century	with Der Weltrkrieg	L	10 days	Division	26 km	7750	tannenberg-eagles-east-galicia-forgotten-cauldron	
Tarawa: Bloody Betio	1	B	1992	3W		WW2	Shelves	M	2-5 hours		60 yards	6892	tarawa-bloody-betio	
Target Arnhem	1	Z	2005	MMP		WW2	WW2 - West Front	S	1 day	Regiment	7 km	16162	target-arnhem-across-6-bridges	
Tarleton's Quarter	1	M	ATO 28	ATO		Gunpowder	Shelves	M	1 month	Regiment	17 miles	38836	tarletons-quarter	
Terrible Swift Sword	0.5	B	1st ed.	SPI	GBACW	ACW	Shelves	L	20 minutes	Regiment	125 yards	3577	terrible-swift-sword-battle-gettysburg-game	
Terrible Swift Sword	0.5	B	2nd ed.	TSR	GBACW	ACW	Shelves	L	20 minutes	Regiment	125 yards	3577	terrible-swift-sword-battle-gettysburg-game	
Tet '68	1	M	Command 18	XTR		Cold War	Binder Modern	M	1 week	Brigade, Regiment	25 miles	6036	tet-68	
Third Winter, The	1	B	2021	MMP	OCS	WW2	Shelves	XL	3.5 days	Division, Regiment	5 miles	288572	third-winter-battle-ukraine-september-1943-april-1	
Three Battles of Manassas	1	B	2004	MMP	CWBS	ACW	Shelves	M	30 minutes	Brigade	200 yards	13403	three-battles-manassas	
Thunder at the Crossroads	1	B	Second Edition	The Gamers	CWBS	ACW	Shelves	M	30 minutes	Brigade	200 yards	10226	thunder-crossroads-battle-gettysburg-july-1-3-1863	Missing markers
Thunder on South Mountain	1	Z	2000	Blue Guidon Games	FiM	ACW	FiM Box	M	45 minutes	Brigade	352 yards	12597	thunder-south-mountain	
To Make Georgia Howl	1	Z	1992	PacRim	Markham OpACW	ACW	Markham OpACW box	M	2 days	Division	2 miles	11341	make-georgia-howl	
To Take Washington	1	B	2019	MMP	LOB	ACW	Shelves	L	15 minutes	Regiment	110 yards	202435	take-washington-jubal-earlys-summer-1864-campaign	
To the Green Fields Beyond	1	Z		Excalibre Games		Early 20th Century	Shelves	M	1 day	Brigade, Regiment	1250 yards	7215	green-fields-beyond-battle-cambrai-1917	
Tomorrow the World	1	M	Command 48	XTR		WW2	Mid 20th Alt-Hist box	L				7625	tomorrow-world	
Totensonntag	1	B	1st ed.	Lock 'N Load Games		WW2	Shelves	M	1 day	Battalion	3 miles	31697	totensonntag	
Trajan: Ancient Wars Series	1	B		Excalibre Games		Ancient to Medival	Shelves	L	1-3 months	Strength point: 1,000 25-50 ships	74 kilometers	11278	trajan-ancient-wars-series	
Trial of Strength	1	B	1st Ed.	Panther Games		WW2	Shelves	L	10 days	Corps	45 miles	8208	trial-strength-war-eastern-front	
Triumphant Fox	1	B	1994	Moments in History	TF	WW2	Shelves	M	1-6 days	Battalion	3.5 km	5274	triumphant-fox-rommels-finest-hour	
Tunisia 43	1	B	2000	Moments in History	TF	WW2	Shelves	M	1 day	Battalion	2 miles	5044	tunisia-43	
Tupamaro	1	Z	2001	Schutze Games		Cold War	Binder Modern	S				7448	tupamaro	
Twilight of the Hapsburgs	1	M	S&T 204	Decision Games	RtR!	Early 20th Century	RtR! Box, no mag	M	3 days	Division	6 km	8510	twilight-habsburgs	
Twilight Struggle	1	B	2006	GMT		Cold War	Shelves	M				12333	twilight-struggle	
Ukraine '44	1	M	Special Ops #2	MMP		WW2	WW2 - East Front	M	2 days	Division	5 km	26736	ukraine-44	
Unconditional Surrender! Case Blue	1	M	C3i 28	GMT		WW2	WW2 - East Front	S	1 month	Army	30 miles	88253	unconditional-surrender-case-blue	
Unhappy King Charles!	1	B		GMT		Ancient to Medival	Shelves	M	4 months	3,000	P2P England/Wales	18748	unhappy-king-charles	
Veracruz	1	M	S&T 63	SPI		Gunpowder	Mexico Binder	M	1 week	Regiment	5 miles	10257	battle-buena-vista	
Victory at Midway	1	M	Command 14	XTR		WW2	WW2 - Asia/Pacific	M				4226	victory-midway	
Victory Complete, A	1	M	Special Ops 3	MMP	AVL	Early 20th Century	WW1 Binder	M	2 days	Division	10 km	86445	victory-complete-battle-tannenberg-1914	extra counters have been included with their games
Victory Denied, A	1	B	2009	MMP	AVL	WW2	Shelves	M	7 days	Division	10 miles	31954	victory-denied-crisis-smolensk-july-september-1941	
Victory in Normandy	1	Z	1992	XTR	ViN	WW2	ViN Box	M	1 day	Division	15 km	7755	victory-normandy	
Victory in the West	1	B	1993	GMT		WW2	Shelves	L	2 days	Division	11 km	5826	victory-west-plan-yellow-french-campaign-1940	
Victory Lost, A	1	B	1st Ed.	MMP	AVL	WW2	Shelves	M	10 days	Division	8 miles	19622	victory-lost-crisis-ukraine-1942-1943	
Virgin Queen: Wars of Religion 1559-1598	1	B		GMT		Ancient to Medival	Shelves	M	6 years	5,000 25 galleys	P2P Europe and colonies	41066	virgin-queen	
Wahoo!	1	Z	1991	XTR	Hoorah!	ACW	Hooray! Box	M				5934	wahoo	
War of 1812	1	B	Columbia 1st ed.	Columbia Games		Gunpowder	Shelves	S	1 month		P2P Great Lakes	1645	war-1812	
War of the Triple Alliance	1	M	S&T 245	Decision Games		Gunpowder	Latin America Binder	M	6 months	Battalion	25 km	25992	war-triple-alliance-paraguay-1865-1870	
Washington's Crossing	1	B	2012	Revolution Games		Gunpowder	Shelves	M	6 hours	10/strength point	1.14 miles	109635	washingtons-crossing	
Wave of Terror	1	M	Command 41	XTR		WW2	WW2 - West Front	L	1 day	Battalion	1.5 miles	7522	wave-terror	
We the People	1	B	1993	Avalon Hill		Gunpowder	Shelves	M	1 year		P2P	620	we-people	
Westwall: Four Battles to Germany	1	F	1976	SPI		WW2	Shelves	M				9151	westwall-four-battles-germany	
What Price Glory? France 1914-1918	1	M	Special Ops 4	MMP		Early 20th Century	WW1 Binder	M			Area, France-Belgium	42783	what-price-glory	
White Death	1	B	1979	GDW		WW2	Shelves	L	5 days	Battalion	1 mile	13016	white-death-velikiye-luki-stalingrad-north	
Wilderness	1	Z	1983	Simulations Canada		ACW	ACW Binder	M	2 hours		350 yards	10260	wilderness	
Williamsburg	1	Z	1998	Ivy Street Games	S@CM	ACW	Ivy Street Box	S	30 minutes	Brigade		33181	williamsburg-1862	
Wilson's Creek	1	M	S&T 80	SPI	GBACW	ACW	Pea Ridge Box	M	20 minutes 	Regiment	125 yards	7365	wilsons-creek-wests-first-fight-august-10-1861	Missing all counters
Won by the Sword	1	B	1st	GMT		Ancient to Medival	Shelves	M	5-7 days	800-1,000 infantry 400-500 cavalry 8-10 guns	P2P Germany	22606	won-sword	Includes update kit
World War I: 1914-1918	1	M	S&T 51	SPI		Early 20th Century	Binder, includes mag	M	6 months	Army	70 km	5297	world-war-i-1914-1918	
Yarmuk	1	M	Command 45	XTR		Ancient to Medival	Binder Everyone Else	M	Hours	800 to 2,500	1/3 mile	11116	yarmuk	Mag with Op Sea Lion